Source,Target
Ancestry,G5515T
Ancestry,C12400T
Ancestry,C29632T
Ancestry,C28054T
A4034G,Ancestry
Ancestry,C2902T
Ancestry,C12068T
A5828G,Ancestry
Ancestry,G29651A
Ancestry,C2523T
Ancestry,C16887T
G5515T,G5515T|C16178T
G2398A|G5515T,G5515T
G5515T,G5515T|C16596T
G5515T,G5515T|G24230T
G5515T,G5515T|C5974T
G5515T,G5515T|C13115T
G5515T,G5515T|T5941A
G5515T,G5515T|C8293T
C2706T|G5515T,G5515T
G5515T,T4137C|G5515T
C2902T,C2902T|T24448C
C346T|G5515T,G5515T
G5515T,G5515T|A25040G
G5515T,G5515T|C29253T
G5515T,G5515T|C10833T
C912A|G5515T,G5515T
C2156T|G5515T,G5515T
A4451G|G5515T,G5515T
G1068A|G5515T,G5515T
G5515T,G5515T|G29050T
C1267T|G5515T,G5515T
G5515T,G5515T|G25641A
G5515T,T1169C|G5515T
C2189T|G5515T,G5515T
G5515T,G5515T|T28912C
C2902T,C2902T|C21054T
G5515T,G5515T|G26152A
G5515T,G5515T|C19862T
G5515T,G5515T|C19269T
C4596T|G5515T,G5515T
G5515T,G5515T|A15033T
C3218A|G5515T,G5515T
C1191T|G5515T|C16596T,G5515T|C16596T
G5924A|C23664T,G5924A|C23664T|C29367T
C2470T|A14940G|G22599A,C2470T|G22599A
C2507T|G5515T|C5974T,G5515T|C5974T
G4622A|G5515T|C16596T,G5515T|C16596T
G5515T|C5974T,G5515T|C5974T|C18115T
G5515T|C16596T,G5515T|C16596T|C16887T
A3581G|G5515T|C16596T,G5515T|C16596T
G5515T|C16178T,G5515T|C5884T|C16178T
G5924A|C15654T|C23664T,G5924A|C23664T
G5515T|C5974T,G5515T|C5974T|A7525G
C2470T|G17893A|G22599A,C2470T|G22599A
G5924A|C23664T,G5924A|C23664T|C28695T
A1236C|C2902T|T24448C,C2902T|T24448C
C2470T|C21595T|G22599A,C2470T|G22599A
G5924A|C23664T,G5924A|C23664T|A25966G
G5515T|C12115A|C16596T,G5515T|C16596T
T10135C|C25708T|A29301G,T10135C|C25708T|C25886T|A29301G
T10135C|C25708T|A29301G,T10135C|G14268A|C25708T|A29301G
T10135C|C15346T|C25708T|A29301G,T10135C|C25708T|A29301G
C5025T|T10135C|C25708T|A29301G,T10135C|C25708T|A29301G
T10135C|A24803G|C25708T|A29301G,T10135C|C25708T|A29301G
C5025T|T10135C|C20544T|C25708T|A29301G,C5025T|T10135C|C25708T|A29301G
T10135C|G14268A|A21222G|C25708T|A29301G,T10135C|G14268A|C25708T|A29301G
T10135C|C25708T|C25886T|A29301G,T10135C|T15756C|C25708T|C25886T|A29301G
Ancestry,G5924A|C23664T
Ancestry,C2470T|G22599A
Ancestry,C11950T|C28472T
Ancestry,C5730T|G25855T
Ancestry,C12747T|G16852A
Ancestry,G5924A|C19524T
G5515T,G5515T|T6496G|C8650T
G5515T,G5515T|C6555T|T21931C
A2303G|A2304T|G5515T|C16596T,G5515T|C16596T
C4680T|G5515T|C5974T|C15720T,G5515T|C5974T
C2902T|C7113T|C12651T|T24448C,C2902T|T24448C
G5924A|C19524T,G5924A|C23664T
C2470T|C5628T|G22599A|C29358T,C2470T|G22599A
C2470T|G22599A,C346T|C2470T|G11801A|G22599A
C9487T|T10135C|T14015G|A24803G|C25708T|A29301G,T10135C|A24803G|C25708T|A29301G
Ancestry,T10135C|C25708T|A29301G
Ancestry,G599A|C18166T|G25522A
Ancestry,C9110T|A29170T|C29284T
Ancestry,C3990T|G5924A|T26497C
C1710T|C2902T|T3331A|G28003T,C2902T
C3990T|G5924A|T26497C,G5924A|C23664T
C3990T|G5924A|T26497C,G5924A|C19524T
Ancestry,C1594T|C13423A|C13424A|G13425A
